Step,Actual Price,Next Price,Model Prediction,Actual Label,Result
1,24303.3,24299.3,Flat,Down,Wrong!
2,24299.3,24300.5,Flat,Down,Wrong!
3,24300.5,24278.55,Flat,Down,Wrong!
4,24278.55,24215.55,Flat,Down,Wrong!
5,24215.55,24225.8,Flat,Up,Wrong!
6,24225.8,24202.3,Flat,Down,Wrong!
7,24202.3,24185.45,Flat,Up,Wrong!
8,24185.45,24164.75,Flat,Up,Wrong!
9,24164.75,24123.6,Flat,Down,Wrong!
10,24123.6,24136.0,Flat,Up,Wrong!
11,24136.0,24093.1,Flat,Down,Wrong!
12,24093.1,24100.4,Flat,Down,Wrong!
13,24100.4,24119.4,Flat,Down,Wrong!
14,24119.4,24111.95,Flat,Down,Wrong!
15,24111.95,24126.7,Flat,Down,Wrong!
16,24126.7,24120.65,Flat,Up,Wrong!
17,24120.65,24114.85,Flat,Down,Wrong!
18,24114.85,24107.1,Flat,Up,Wrong!
19,24107.1,24076.45,Flat,Down,Wrong!
20,24076.45,24072.15,Flat,Up,Wrong!
21,24072.15,24087.95,Flat,Down,Wrong!
22,24087.95,24075.45,Flat,Down,Wrong!
23,24075.45,24093.05,Flat,Up,Wrong!
24,24093.05,24085.05,Flat,Up,Wrong!
25,24085.05,24088.5,Flat,Up,Wrong!
26,24088.5,24086.2,Flat,Flat,Correct!
27,24086.2,24079.6,Flat,Up,Wrong!
28,24079.6,24081.55,Flat,Up,Wrong!
29,24081.55,24091.1,Flat,Down,Wrong!
30,24091.1,24113.95,Flat,Down,Wrong!
31,24113.95,24115.0,Flat,Down,Wrong!
32,24115.0,24120.25,Flat,Up,Wrong!
33,24120.25,24133.1,Flat,Up,Wrong!
34,24133.1,24121.5,Flat,Down,Wrong!
35,24121.5,24102.65,Flat,Down,Wrong!
36,24102.65,24096.15,Flat,Up,Wrong!
37,24096.15,24102.5,Flat,Down,Wrong!
38,24102.5,24104.95,Flat,Down,Wrong!
39,24104.95,24098.15,Flat,Down,Wrong!
40,24098.15,24089.6,Flat,Up,Wrong!
41,24089.6,24102.6,Flat,Up,Wrong!
42,24102.6,24092.65,Flat,Down,Wrong!
43,24092.65,24086.45,Flat,Down,Wrong!
44,24086.45,24083.7,Flat,Up,Wrong!
45,24083.7,24087.9,Flat,Down,Wrong!
46,24087.9,24089.9,Flat,Flat,Correct!
47,24089.9,24075.45,Flat,Up,Wrong!
48,24075.45,24050.65,Flat,Up,Wrong!
49,24050.65,24064.85,Flat,Down,Wrong!
50,24064.85,24057.6,Flat,Down,Wrong!
51,24057.6,24057.55,Flat,Up,Wrong!
52,24057.55,24061.9,Flat,Up,Wrong!
53,24061.9,24067.55,Flat,Down,Wrong!
54,24067.55,24047.7,Flat,Down,Wrong!
55,24047.7,24045.2,Flat,Up,Wrong!
56,24045.2,24053.95,Flat,Down,Wrong!
57,24053.95,24059.05,Flat,Up,Wrong!
58,24059.05,24057.4,Flat,Up,Wrong!
59,24057.4,24051.9,Flat,Down,Wrong!
60,24051.9,24056.9,Flat,Up,Wrong!
61,24056.9,24054.3,Flat,Down,Wrong!
62,24054.3,24055.65,Flat,Up,Wrong!
63,24055.65,24056.6,Flat,Flat,Correct!
64,24056.6,24048.6,Flat,Up,Wrong!
65,24048.6,24063.75,Flat,Up,Wrong!
66,24063.75,24053.75,Flat,Up,Wrong!
67,24053.75,24057.5,Flat,Down,Wrong!
68,24057.5,24058.15,Flat,Down,Wrong!
69,24058.15,24064.6,Flat,Flat,Correct!
70,24064.6,24068.35,Flat,Up,Wrong!
71,24068.35,24071.0,Flat,Up,Wrong!
72,24071.0,24068.65,Flat,Up,Wrong!
73,24068.65,24060.1,Flat,Up,Wrong!
74,24060.1,24060.4,Flat,Up,Wrong!
75,24060.4,24062.85,Flat,Up,Wrong!
76,24062.85,24074.05,Flat,Up,Wrong!
77,24074.05,24083.75,Flat,Down,Wrong!
78,24083.75,24087.95,Flat,Down,Wrong!
79,24087.95,24091.5,Flat,Down,Wrong!
80,24091.5,24107.2,Flat,Down,Wrong!
81,24107.2,24116.8,Flat,Down,Wrong!
82,24116.8,24109.2,Flat,Up,Wrong!
83,24109.2,24107.3,Flat,Down,Wrong!
84,24107.3,24097.0,Flat,Down,Wrong!
85,24097.0,24087.0,Flat,Flat,Correct!
86,24087.0,24076.4,Flat,Up,Wrong!
87,24076.4,24081.2,Flat,Down,Wrong!
88,24081.2,24073.8,Flat,Up,Wrong!
89,24073.8,24054.95,Flat,Down,Wrong!
90,24054.95,24055.0,Flat,Down,Wrong!
91,24055.0,24058.6,Flat,Up,Wrong!
92,24058.6,24047.75,Flat,Up,Wrong!
93,24047.75,24060.0,Flat,Up,Wrong!
94,24060.0,24058.25,Flat,Up,Wrong!
95,24058.25,24054.05,Flat,Up,Wrong!
96,24054.05,24055.7,Flat,Down,Wrong!
97,24055.7,24063.55,Flat,Up,Wrong!
98,24063.55,24076.0,Flat,Down,Wrong!
99,24076.0,24081.2,Flat,Up,Wrong!
100,24081.2,24083.45,Flat,Up,Wrong!
101,24083.45,24077.4,Flat,Down,Wrong!
102,24077.4,24083.35,Flat,Down,Wrong!
103,24083.35,24069.85,Flat,Up,Wrong!
104,24069.85,24077.6,Flat,Up,Wrong!
105,24077.6,24079.75,Flat,Up,Wrong!
106,24079.75,24078.55,Flat,Down,Wrong!
107,24078.55,24070.8,Flat,Up,Wrong!
108,24070.8,24072.7,Flat,Up,Wrong!
109,24072.7,24074.0,Flat,Down,Wrong!
110,24074.0,24076.9,Flat,Up,Wrong!
111,24076.9,24071.2,Flat,Up,Wrong!
112,24071.2,24078.05,Flat,Up,Wrong!
113,24078.05,24079.25,Flat,Flat,Correct!
114,24079.25,24065.35,Flat,Up,Wrong!
115,24065.35,24072.1,Flat,Flat,Correct!
116,24072.1,24077.85,Flat,Down,Wrong!
117,24077.85,24088.2,Flat,Down,Wrong!
118,24088.2,24088.8,Flat,Down,Wrong!
119,24088.8,24092.0,Flat,Down,Wrong!
120,24092.0,24091.15,Flat,Down,Wrong!
121,24091.15,24083.15,Flat,Down,Wrong!
122,24083.15,24081.1,Flat,Down,Wrong!
123,24081.1,24067.5,Flat,Down,Wrong!
124,24067.5,24054.95,Flat,Down,Wrong!
125,24054.95,24051.15,Flat,Up,Wrong!
126,24051.15,24047.0,Flat,Down,Wrong!
127,24047.0,24036.7,Flat,Up,Wrong!
128,24036.7,24012.7,Flat,Up,Wrong!
129,24012.7,24002.7,Flat,Flat,Correct!
130,24002.7,24015.85,Flat,Up,Wrong!
131,24015.85,24012.9,Flat,Down,Wrong!
132,24012.9,24014.0,Flat,Down,Wrong!
133,24014.0,24022.65,Flat,Down,Wrong!
134,24022.65,24022.05,Flat,Down,Wrong!
135,24022.05,24030.45,Flat,Up,Wrong!
136,24030.45,24026.4,Flat,Up,Wrong!
137,24026.4,24022.9,Flat,Flat,Correct!
138,24022.9,24021.95,Flat,Down,Wrong!
139,24021.95,24018.75,Flat,Up,Wrong!
140,24018.75,24025.6,Flat,Up,Wrong!
141,24025.6,24029.9,Flat,Up,Wrong!
142,24029.9,24029.2,Flat,Down,Wrong!
143,24029.2,24018.6,Flat,Down,Wrong!
144,24018.6,24029.6,Flat,Down,Wrong!
145,24029.6,24030.6,Flat,Down,Wrong!
146,24030.6,24033.3,Flat,Down,Wrong!
147,24033.3,24026.75,Flat,Down,Wrong!
148,24026.75,24023.05,Flat,Up,Wrong!
149,24023.05,24020.45,Flat,Down,Wrong!
150,24020.45,24003.4,Flat,Down,Wrong!
151,24003.4,24001.65,Flat,Up,Wrong!
152,24001.65,23989.65,Flat,Up,Wrong!
153,23989.65,24002.35,Flat,Down,Wrong!
154,24002.35,23996.75,Flat,Down,Wrong!
155,23996.75,23986.7,Flat,Up,Wrong!
156,23986.7,23998.75,Flat,Up,Wrong!
157,23998.75,24003.0,Flat,Flat,Correct!
158,24003.0,23993.35,Flat,Down,Wrong!
159,23993.35,23975.6,Flat,Down,Wrong!
160,23975.6,23983.8,Flat,Down,Wrong!
161,23983.8,23988.6,Flat,Up,Wrong!
162,23988.6,23988.5,Flat,Down,Wrong!
163,23988.5,23983.05,Flat,Up,Wrong!
164,23983.05,23980.25,Flat,Up,Wrong!
165,23980.25,23979.35,Flat,Down,Wrong!
166,23979.35,23982.2,Flat,Down,Wrong!
167,23982.2,23969.35,Flat,Up,Wrong!
168,23969.35,23975.55,Flat,Up,Wrong!
169,23975.55,23977.85,Flat,Down,Wrong!
170,23977.85,23976.45,Flat,Down,Wrong!
171,23976.45,23975.25,Flat,Up,Wrong!
172,23975.25,23987.3,Flat,Up,Wrong!
173,23987.3,23991.75,Flat,Up,Wrong!
174,23991.75,23989.9,Flat,Up,Wrong!
175,23989.9,23984.0,Flat,Down,Wrong!
176,23984.0,23987.5,Flat,Down,Wrong!
177,23987.5,23997.2,Flat,Up,Wrong!
178,23997.2,24001.5,Flat,Down,Wrong!
179,24001.5,24003.8,Flat,Down,Wrong!
180,24003.8,24002.75,Flat,Up,Wrong!
181,24002.75,23993.85,Flat,Down,Wrong!
182,23993.85,24007.3,Flat,Down,Wrong!
183,24007.3,24001.25,Flat,Down,Wrong!
184,24001.25,23997.1,Flat,Up,Wrong!
185,23997.1,24002.1,Flat,Up,Wrong!
186,24002.1,24000.25,Flat,Down,Wrong!
187,24000.25,23999.2,Flat,Up,Wrong!
188,23999.2,23988.55,Flat,Up,Wrong!
189,23988.55,23993.0,Flat,Down,Wrong!
190,23993.0,23995.35,Flat,Down,Wrong!
191,23995.35,23986.0,Flat,Down,Wrong!
192,23986.0,23987.85,Flat,Down,Wrong!
193,23987.85,23993.6,Flat,Up,Wrong!
194,23993.6,23991.25,Flat,Down,Wrong!
195,23991.25,23979.1,Flat,Up,Wrong!
196,23979.1,23974.65,Flat,Flat,Correct!
197,23974.65,23973.95,Flat,Up,Wrong!
198,23973.95,23986.15,Flat,Up,Wrong!
199,23986.15,23970.7,Flat,Up,Wrong!
200,23970.7,23975.35,Flat,Up,Wrong!
201,23975.35,23975.8,Flat,Up,Wrong!
202,23975.8,23983.1,Flat,Up,Wrong!
203,23983.1,23983.75,Flat,Down,Wrong!
204,23983.75,23984.35,Flat,Up,Wrong!
205,23984.35,23988.9,Flat,Up,Wrong!
206,23988.9,23990.4,Flat,Down,Wrong!
207,23990.4,24017.45,Flat,Up,Wrong!
208,24017.45,24013.0,Flat,Up,Wrong!
209,24013.0,24040.5,Flat,Down,Wrong!
210,24040.5,24046.1,Flat,Up,Wrong!
211,24046.1,24024.4,Flat,Down,Wrong!
212,24024.4,24027.4,Flat,Up,Wrong!
213,24027.4,24048.5,Flat,Up,Wrong!
214,24048.5,24032.85,Flat,Down,Wrong!
215,24032.85,24046.9,Flat,Down,Wrong!
216,24046.9,24044.95,Flat,Down,Wrong!
217,24044.95,24060.05,Flat,Flat,Correct!
218,24060.05,24072.85,Flat,Down,Wrong!
219,24072.85,24057.65,Flat,Down,Wrong!
220,24057.65,24040.7,Flat,Up,Wrong!
221,24040.7,24019.1,Flat,Down,Wrong!
222,24019.1,24018.6,Flat,Down,Wrong!
223,24018.6,23959.95,Flat,Down,Wrong!
224,23959.95,23873.35,Flat,Up,Wrong!
225,23873.35,23958.9,Flat,Down,Wrong!
226,23958.9,23935.0,Flat,Down,Wrong!
227,23935.0,23912.5,Flat,Up,Wrong!
228,23912.5,23910.35,Flat,Up,Wrong!
229,23910.35,23926.1,Flat,Up,Wrong!
230,23926.1,23922.8,Flat,Down,Wrong!
231,23922.8,23912.5,Flat,Up,Wrong!
232,23912.5,23917.3,Flat,Up,Wrong!
233,23917.3,23920.35,Flat,Down,Wrong!
234,23920.35,23922.25,Flat,Up,Wrong!
235,23922.25,23916.65,Flat,Up,Wrong!
236,23916.65,23947.2,Flat,Up,Wrong!
237,23947.2,23952.65,Flat,Up,Wrong!
238,23952.65,23948.4,Flat,Up,Wrong!
239,23948.4,23965.95,Flat,Down,Wrong!
240,23965.95,23974.1,Flat,Down,Wrong!
241,23974.1,23988.6,Flat,Down,Wrong!
242,23988.6,24000.55,Flat,Flat,Correct!
243,24000.55,24002.6,Flat,Down,Wrong!
244,24002.6,23982.35,Flat,Down,Wrong!
245,23982.35,23974.1,Flat,Down,Wrong!
246,23974.1,23960.25,Flat,Down,Wrong!
247,23960.25,23959.95,Flat,Up,Wrong!
248,23959.95,23956.25,Flat,Down,Wrong!
249,23956.25,23946.3,Flat,Down,Wrong!
250,23946.3,23941.25,Flat,Up,Wrong!
251,23941.25,23921.65,Flat,Down,Wrong!
252,23921.65,23925.0,Flat,Up,Wrong!
253,23925.0,23923.05,Flat,Up,Wrong!
254,23923.05,23919.75,Flat,Up,Wrong!
255,23919.75,23923.45,Flat,Down,Wrong!
256,23923.45,23913.55,Flat,Up,Wrong!
257,23913.55,23919.0,Flat,Up,Wrong!
258,23919.0,23925.55,Flat,Down,Wrong!
259,23925.55,23926.4,Flat,Down,Wrong!
260,23926.4,23920.25,Flat,Down,Wrong!
261,23920.25,23926.05,Flat,Down,Wrong!
262,23926.05,23935.5,Flat,Up,Wrong!
263,23935.5,23934.95,Flat,Up,Wrong!
264,23934.95,23932.6,Flat,Down,Wrong!
265,23932.6,23930.3,Flat,Down,Wrong!
266,23930.3,23917.65,Flat,Down,Wrong!
267,23917.65,23920.75,Flat,Up,Wrong!
268,23920.75,23929.35,Flat,Up,Wrong!
269,23929.35,23919.3,Flat,Up,Wrong!
270,23919.3,23911.85,Flat,Down,Wrong!
271,23911.85,23890.3,Flat,Down,Wrong!
272,23890.3,23893.8,Flat,Up,Wrong!
273,23893.8,23897.85,Flat,Up,Wrong!
274,23897.85,23904.7,Flat,Down,Wrong!
275,23904.7,23899.2,Flat,Up,Wrong!
276,23899.2,23889.95,Flat,Up,Wrong!
277,23889.95,23892.15,Flat,Down,Wrong!
278,23892.15,23896.75,Flat,Up,Wrong!
279,23896.75,23896.45,Flat,Up,Wrong!
280,23896.45,23905.3,Flat,Up,Wrong!
281,23905.3,23907.35,Flat,Down,Wrong!
282,23907.35,23903.8,Flat,Up,Wrong!
283,23903.8,23905.5,Flat,Flat,Correct!
284,23905.5,23909.5,Flat,Up,Wrong!
285,23909.5,23915.6,Flat,Up,Wrong!
286,23915.6,23914.2,Flat,Down,Wrong!
287,23914.2,23924.65,Flat,Up,Wrong!
288,23924.65,23924.5,Flat,Up,Wrong!
289,23924.5,23924.85,Flat,Up,Wrong!
290,23924.85,23929.2,Flat,Up,Wrong!
291,23929.2,23924.15,Flat,Up,Wrong!
292,23924.15,23935.6,Flat,Down,Wrong!
293,23935.6,23940.2,Flat,Down,Wrong!
294,23940.2,23949.25,Flat,Up,Wrong!
295,23949.25,23953.8,Flat,Up,Wrong!
296,23953.8,23956.65,Flat,Up,Wrong!
297,23956.65,23954.2,Flat,Up,Wrong!
298,23954.2,23949.55,Flat,Up,Wrong!
299,23949.55,23951.55,Flat,Up,Wrong!
300,23951.55,23957.45,Flat,Down,Wrong!
301,23957.45,23959.35,Flat,Up,Wrong!
302,23959.35,23979.55,Flat,Down,Wrong!
303,23979.55,23983.3,Flat,Up,Wrong!
304,23983.3,23985.25,Flat,Down,Wrong!
305,23985.25,23975.65,Flat,Down,Wrong!
306,23975.65,23988.05,Flat,Down,Wrong!
307,23988.05,23974.05,Flat,Up,Wrong!
308,23974.05,23977.05,Flat,Up,Wrong!
309,23977.05,23972.9,Flat,Down,Wrong!
310,23972.9,23964.6,Flat,Up,Wrong!
311,23964.6,23947.35,Flat,Down,Wrong!
312,23947.35,23990.0,Flat,Down,Wrong!
313,23990.0,24013.5,Flat,Down,Wrong!
314,24013.5,24012.65,Flat,Up,Wrong!
315,24012.65,24029.1,Flat,Up,Wrong!
316,24029.1,24021.65,Flat,Down,Wrong!
317,24021.65,24017.2,Flat,Down,Wrong!
318,24017.2,24013.85,Flat,Up,Wrong!
319,24013.85,24036.45,Flat,Up,Wrong!
320,24036.45,24041.4,Flat,Up,Wrong!
321,24041.4,24019.55,Flat,Down,Wrong!
322,24019.55,24008.1,Flat,Down,Wrong!
323,24008.1,24015.15,Flat,Up,Wrong!
324,24015.15,24016.35,Flat,Up,Wrong!
325,24016.35,24026.0,Flat,Down,Wrong!
326,24026.0,24012.1,Flat,Up,Wrong!
327,24012.1,23993.5,Flat,Up,Wrong!
328,23993.5,24003.3,Flat,Up,Wrong!
329,24003.3,24022.85,Flat,Down,Wrong!
330,24022.85,24003.1,Flat,Up,Wrong!
331,24003.1,24011.5,Flat,Flat,Correct!
332,24011.5,24022.4,Flat,Up,Wrong!
333,24022.4,24027.75,Flat,Up,Wrong!
334,24027.75,24015.55,Flat,Down,Wrong!
335,24015.55,24036.35,Flat,Up,Wrong!
336,24036.35,24035.6,Flat,Down,Wrong!
337,24035.6,24037.45,Flat,Down,Wrong!
338,24037.45,24041.7,Flat,Up,Wrong!
339,24041.7,24040.15,Flat,Up,Wrong!
340,24040.15,24056.6,Flat,Up,Wrong!
341,24056.6,24037.95,Flat,Down,Wrong!
342,24037.95,24026.05,Flat,Down,Wrong!
343,24026.05,24041.85,Flat,Up,Wrong!
344,24041.85,24046.5,Flat,Up,Wrong!
345,24046.5,24063.65,Flat,Down,Wrong!
346,24063.65,24046.2,Flat,Down,Wrong!
347,24046.2,24037.75,Flat,Down,Wrong!
348,24037.75,24040.7,Flat,Down,Wrong!
349,24040.7,24046.9,Flat,Up,Wrong!
350,24046.9,24043.9,Flat,Up,Wrong!
351,24043.9,24037.75,Flat,Down,Wrong!
352,24037.75,24009.7,Flat,Down,Wrong!
353,24009.7,24002.85,Flat,Down,Wrong!
354,24002.85,24020.05,Flat,Down,Wrong!
355,24020.05,24031.3,Flat,Down,Wrong!
356,24031.3,24015.2,Flat,Down,Wrong!
357,24015.2,23995.05,Flat,Up,Wrong!
358,23995.05,23981.95,Flat,Down,Wrong!
359,23981.95,23981.15,Flat,Up,Wrong!
360,23981.15,23969.0,Flat,Up,Wrong!
361,23969.0,23968.3,Flat,Up,Wrong!
362,23968.3,23982.95,Flat,Up,Wrong!
363,23982.95,23966.55,Flat,Down,Wrong!
364,23966.55,23970.8,Flat,Down,Wrong!
365,23970.8,23977.65,Flat,Up,Wrong!
366,23977.65,23986.2,Flat,Down,Wrong!
367,23986.2,23998.1,Flat,Up,Wrong!
368,23998.1,23987.45,Flat,Up,Wrong!
369,23987.45,23979.65,Flat,Down,Wrong!
370,23979.65,23987.0,Flat,Up,Wrong!
371,23987.0,23979.45,Flat,Down,Wrong!
372,23979.45,24004.6,Flat,Up,Wrong!
373,24004.6,24035.6,Flat,Up,Wrong!
374,24035.6,24031.4,Flat,Up,Wrong!
375,24031.4,24036.9,Flat,Down,Wrong!
376,24036.9,24028.2,Flat,Up,Wrong!
377,24028.2,24055.8,Flat,Down,Wrong!
378,24055.8,24087.3,Flat,Up,Wrong!
379,24087.3,24115.1,Flat,Down,Wrong!
380,24115.1,24104.2,Flat,Up,Wrong!
381,24104.2,24106.15,Flat,Up,Wrong!
382,24106.15,24102.85,Flat,Down,Wrong!
383,24102.85,24111.25,Flat,Up,Wrong!
384,24111.25,24109.45,Flat,Down,Wrong!
385,24109.45,24112.75,Flat,Down,Wrong!
386,24112.75,24114.8,Flat,Up,Wrong!
387,24114.8,24098.45,Flat,Down,Wrong!
388,24098.45,24110.2,Flat,Up,Wrong!
389,24110.2,24105.0,Flat,Up,Wrong!
390,24105.0,24082.35,Flat,Down,Wrong!
391,24082.35,24097.25,Flat,Up,Wrong!
392,24097.25,24092.45,Flat,Up,Wrong!
393,24092.45,24118.4,Flat,Flat,Correct!
394,24118.4,24121.9,Flat,Down,Wrong!
395,24121.9,24113.3,Flat,Down,Wrong!
396,24113.3,24125.95,Flat,Down,Wrong!
397,24125.95,24131.25,Flat,Up,Wrong!
398,24131.25,24132.4,Flat,Up,Wrong!
399,24132.4,24125.9,Flat,Down,Wrong!
400,24125.9,24108.35,Flat,Up,Wrong!
401,24108.35,24095.8,Flat,Up,Wrong!
402,24095.8,24126.7,Flat,Flat,Correct!
403,24126.7,24132.8,Flat,Down,Wrong!
404,24132.8,24116.45,Flat,Flat,Correct!
405,24116.45,24130.0,Flat,Up,Wrong!
406,24130.0,24134.2,Flat,Down,Wrong!
407,24134.2,24134.9,Flat,Down,Wrong!
408,24134.9,24124.6,Flat,Up,Wrong!
409,24124.6,24124.8,Flat,Down,Wrong!
410,24124.8,24130.15,Flat,Flat,Correct!
411,24130.15,24115.5,Flat,Down,Wrong!
412,24115.5,24102.2,Flat,Down,Wrong!
413,24102.2,24125.35,Flat,Down,Wrong!
414,24125.35,24121.3,Flat,Down,Wrong!
415,24121.3,24122.15,Flat,Up,Wrong!
416,24122.15,24120.7,Flat,Up,Wrong!
417,24120.7,24115.8,Flat,Flat,Correct!
418,24115.8,24110.9,Flat,Up,Wrong!
419,24110.9,24106.35,Flat,Down,Wrong!
420,24106.35,24120.9,Flat,Down,Wrong!
421,24120.9,24125.4,Flat,Up,Wrong!
422,24125.4,24124.75,Flat,Up,Wrong!
423,24124.75,24127.2,Flat,Flat,Correct!
424,24127.2,24122.8,Flat,Up,Wrong!
425,24122.8,24111.6,Flat,Up,Wrong!
426,24111.6,24114.6,Flat,Up,Wrong!
427,24114.6,24120.7,Flat,Down,Wrong!
428,24120.7,24121.25,Flat,Down,Wrong!
429,24121.25,24131.55,Flat,Up,Wrong!
430,24131.55,24139.85,Flat,Down,Wrong!
431,24139.85,24142.5,Flat,Up,Wrong!
432,24142.5,24138.8,Flat,Down,Wrong!
433,24138.8,24126.65,Flat,Down,Wrong!
434,24126.65,24133.85,Flat,Up,Wrong!
435,24133.85,24132.0,Flat,Down,Wrong!
436,24132.0,24139.6,Flat,Flat,Correct!
437,24139.6,24128.25,Flat,Down,Wrong!
438,24128.25,24124.3,Flat,Down,Wrong!
439,24124.3,24129.55,Flat,Down,Wrong!
440,24129.55,24123.8,Flat,Down,Wrong!
441,24123.8,24122.8,Flat,Up,Wrong!
442,24122.8,24121.5,Flat,Down,Wrong!
443,24121.5,24111.35,Flat,Down,Wrong!
444,24111.35,24100.2,Flat,Up,Wrong!
445,24100.2,24098.3,Flat,Down,Wrong!
446,24098.3,24107.15,Flat,Up,Wrong!
447,24107.15,24098.7,Flat,Down,Wrong!
448,24098.7,24089.75,Flat,Down,Wrong!
449,24089.75,24104.75,Flat,Down,Wrong!
450,24104.75,24103.25,Flat,Down,Wrong!
451,24103.25,24111.0,Flat,Down,Wrong!
452,24111.0,24106.5,Flat,Down,Wrong!
453,24106.5,24099.55,Flat,Flat,Correct!
454,24099.55,24095.7,Flat,Down,Wrong!
455,24095.7,24091.55,Flat,Flat,Correct!
456,24091.55,24084.55,Flat,Up,Wrong!
457,24084.55,24079.7,Flat,Down,Wrong!
458,24079.7,24080.3,Flat,Up,Wrong!
459,24080.3,24078.95,Flat,Flat,Correct!
460,24078.95,24079.15,Flat,Up,Wrong!
461,24079.15,24083.1,Flat,Up,Wrong!
462,24083.1,24076.55,Flat,Down,Wrong!
463,24076.55,24080.7,Flat,Down,Wrong!
464,24080.7,24080.2,Flat,Flat,Correct!
465,24080.2,24081.9,Flat,Up,Wrong!
466,24081.9,24094.15,Flat,Flat,Correct!
467,24094.15,24092.05,Flat,Flat,Correct!
468,24092.05,24090.35,Flat,Up,Wrong!
469,24090.35,24090.1,Flat,Down,Wrong!
470,24090.1,24094.55,Flat,Up,Wrong!
471,24094.55,24095.6,Flat,Flat,Correct!
472,24095.6,24095.45,Flat,Down,Wrong!
473,24095.45,24099.05,Flat,Up,Wrong!
474,24099.05,24096.55,Flat,Up,Wrong!
475,24096.55,24108.4,Flat,Flat,Correct!
476,24108.4,24107.95,Flat,Flat,Correct!
477,24107.95,24105.6,Flat,Down,Wrong!
478,24105.6,24114.05,Flat,Flat,Correct!
479,24114.05,24121.15,Flat,Up,Wrong!
480,24121.15,24120.2,Flat,Up,Wrong!
481,24120.2,24120.1,Flat,Down,Wrong!
482,24120.1,24109.0,Flat,Down,Wrong!
483,24109.0,24109.15,Flat,Down,Wrong!
484,24109.15,24113.75,Flat,Flat,Correct!
485,24113.75,24116.15,Flat,Down,Wrong!
486,24116.15,24105.15,Flat,Down,Wrong!
487,24105.15,24099.05,Flat,Up,Wrong!
488,24099.05,24097.5,Flat,Up,Wrong!
489,24097.5,24098.6,Flat,Up,Wrong!
490,24098.6,24096.15,Flat,Up,Wrong!
491,24096.15,24094.5,Flat,Up,Wrong!
492,24094.5,24097.8,Flat,Down,Wrong!
493,24097.8,24100.95,Flat,Up,Wrong!
494,24100.95,24105.2,Flat,Flat,Correct!
495,24105.2,24109.5,Flat,Up,Wrong!
496,24109.5,24112.0,Flat,Down,Wrong!
497,24112.0,24098.5,Flat,Down,Wrong!
498,24098.5,24100.35,Flat,Up,Wrong!
499,24100.35,24101.15,Flat,Down,Wrong!
500,24101.15,24114.0,Flat,Down,Wrong!
501,24114.0,24109.3,Flat,Up,Wrong!
502,24109.3,24104.55,Flat,Flat,Correct!
503,24104.55,24106.2,Flat,Flat,Correct!
504,24106.2,24104.8,Flat,Flat,Correct!
505,24104.8,24102.0,Flat,Up,Wrong!
506,24102.0,24103.9,Flat,Down,Wrong!
507,24103.9,24103.6,Flat,Down,Wrong!
508,24103.6,24103.8,Flat,Up,Wrong!
509,24103.8,24103.35,Flat,Down,Wrong!
510,24103.35,24106.1,Flat,Flat,Correct!
511,24106.1,24099.15,Flat,Flat,Correct!
512,24099.15,24095.8,Flat,Flat,Correct!
513,24095.8,24099.45,Flat,Up,Wrong!
514,24099.45,24095.75,Flat,Flat,Correct!
515,24095.75,24095.8,Flat,Flat,Correct!
516,24095.8,24096.55,Flat,Up,Wrong!
517,24096.55,24096.65,Flat,Up,Wrong!
518,24096.65,24098.05,Flat,Up,Wrong!
519,24098.05,24098.1,Flat,Flat,Correct!
520,24098.1,24097.55,Flat,Up,Wrong!
521,24097.55,24111.8,Flat,Flat,Correct!
522,24111.8,24114.65,Flat,Down,Wrong!
523,24114.65,24124.15,Flat,Down,Wrong!
524,24124.15,24122.9,Flat,Down,Wrong!
525,24122.9,24125.45,Flat,Down,Wrong!
526,24125.45,24125.95,Flat,Flat,Correct!
527,24125.95,24124.35,Flat,Down,Wrong!
528,24124.35,24122.9,Flat,Flat,Correct!
529,24122.9,24118.35,Flat,Up,Wrong!
530,24118.35,24107.75,Flat,Flat,Correct!
531,24107.75,24107.9,Flat,Up,Wrong!
532,24107.9,24105.45,Flat,Flat,Correct!
533,24105.45,24104.75,Flat,Up,Wrong!
534,24104.75,24107.7,Flat,Up,Wrong!
535,24107.7,24106.95,Flat,Up,Wrong!
536,24106.95,24111.35,Flat,Down,Wrong!
537,24111.35,24111.3,Flat,Down,Wrong!
538,24111.3,24113.3,Flat,Up,Wrong!
539,24113.3,24115.3,Flat,Flat,Correct!
540,24115.3,24118.3,Flat,Up,Wrong!
541,24118.3,24116.55,Flat,Up,Wrong!
542,24116.55,24114.3,Flat,Up,Wrong!
543,24114.3,24116.15,Flat,Up,Wrong!
544,24116.15,24116.7,Flat,Up,Wrong!
545,24116.7,24127.8,Flat,Up,Wrong!
546,24127.8,24131.4,Flat,Down,Wrong!
547,24131.4,24137.45,Flat,Flat,Correct!
548,24137.45,24144.15,Flat,Down,Wrong!
549,24144.15,24145.8,Flat,Down,Wrong!
550,24145.8,24149.95,Flat,Down,Wrong!
551,24149.95,24146.1,Flat,Up,Wrong!
552,24146.1,24147.1,Flat,Up,Wrong!
553,24147.1,24140.95,Flat,Up,Wrong!
554,24140.95,24139.05,Flat,Down,Wrong!
555,24139.05,24136.95,Flat,Flat,Correct!
556,24136.95,24138.7,Flat,Up,Wrong!
557,24138.7,24140.9,Flat,Flat,Correct!
558,24140.9,24152.65,Flat,Flat,Correct!
559,24152.65,24150.45,Flat,Up,Wrong!
560,24150.45,24149.65,Flat,Down,Wrong!
561,24149.65,24153.4,Flat,Down,Wrong!
562,24153.4,24153.1,Flat,Up,Wrong!
563,24153.1,24152.65,Flat,Up,Wrong!
564,24152.65,24154.65,Flat,Down,Wrong!
565,24154.65,24152.85,Flat,Up,Wrong!
566,24152.85,24145.05,Flat,Down,Wrong!
567,24145.05,24148.1,Flat,Down,Wrong!
568,24148.1,24149.8,Flat,Down,Wrong!
569,24149.8,24144.6,Flat,Up,Wrong!
570,24144.6,24146.05,Flat,Flat,Correct!
571,24146.05,24140.4,Flat,Flat,Correct!
572,24140.4,24138.65,Flat,Up,Wrong!
573,24138.65,24131.95,Flat,Up,Wrong!
574,24131.95,24133.65,Flat,Down,Wrong!
575,24133.65,24134.45,Flat,Down,Wrong!
576,24134.45,24133.15,Flat,Flat,Correct!
577,24133.15,24137.7,Flat,Up,Wrong!
578,24137.7,24141.5,Flat,Up,Wrong!
579,24141.5,24138.85,Flat,Down,Wrong!
580,24138.85,24136.0,Flat,Flat,Correct!
581,24136.0,24135.4,Flat,Up,Wrong!
582,24135.4,24141.0,Flat,Down,Wrong!
583,24141.0,24146.95,Flat,Down,Wrong!
584,24146.95,24144.5,Flat,Flat,Correct!
585,24144.5,24144.9,Flat,Up,Wrong!
586,24144.9,24148.2,Flat,Flat,Correct!
587,24148.2,24145.65,Flat,Down,Wrong!
588,24145.65,24138.6,Flat,Down,Wrong!
589,24138.6,24139.75,Flat,Flat,Correct!
590,24139.75,24144.65,Flat,Up,Wrong!
591,24144.65,24143.8,Flat,Down,Wrong!
592,24143.8,24141.6,Flat,Down,Wrong!
593,24141.6,24134.4,Flat,Up,Wrong!
594,24134.4,24135.35,Flat,Down,Wrong!
595,24135.35,24139.25,Flat,Flat,Correct!
596,24139.25,24126.8,Flat,Flat,Correct!
597,24126.8,24117.8,Flat,Down,Wrong!
598,24117.8,24119.25,Flat,Flat,Correct!
599,24119.25,24107.75,Flat,Up,Wrong!
600,24107.75,24107.5,Flat,Up,Wrong!
601,24107.5,24107.55,Flat,Flat,Correct!
602,24107.55,24101.95,Flat,Flat,Correct!
603,24101.95,24102.0,Flat,Down,Wrong!
604,24102.0,24107.25,Flat,Up,Wrong!
605,24107.25,24112.85,Flat,Up,Wrong!
606,24112.85,24113.6,Flat,Up,Wrong!
607,24113.6,24112.65,Flat,Up,Wrong!
608,24112.65,24111.35,Flat,Flat,Correct!
609,24111.35,24123.6,Flat,Flat,Correct!
610,24123.6,24132.95,Flat,Flat,Correct!
611,24132.95,24136.3,Flat,Up,Wrong!
612,24136.3,24140.9,Flat,Up,Wrong!
613,24140.9,24140.65,Flat,Up,Wrong!
614,24140.65,24141.1,Flat,Down,Wrong!
615,24141.1,24141.0,Flat,Flat,Correct!
616,24141.0,24142.35,Flat,Up,Wrong!
617,24142.35,24151.65,Flat,Down,Wrong!
618,24151.65,24153.05,Flat,Down,Wrong!
619,24153.05,24150.45,Flat,Up,Wrong!
620,24150.45,24151.6,Flat,Up,Wrong!
621,24151.6,24155.05,Flat,Down,Wrong!
622,24155.05,24153.15,Flat,Up,Wrong!
623,24153.15,24151.25,Flat,Up,Wrong!
624,24151.25,24154.25,Flat,Flat,Correct!
625,24154.25,24155.85,Flat,Down,Wrong!
626,24155.85,24153.65,Flat,Up,Wrong!
627,24153.65,24159.3,Flat,Down,Wrong!
628,24159.3,24185.9,Flat,Up,Wrong!
629,24185.9,24186.8,Flat,Down,Wrong!
630,24186.8,24161.9,Flat,Flat,Correct!
631,24161.9,24165.2,Flat,Up,Wrong!
632,24165.2,24145.65,Flat,Down,Wrong!
633,24145.65,24152.1,Flat,Down,Wrong!
634,24152.1,24144.15,Flat,Up,Wrong!
635,24144.15,24143.7,Flat,Flat,Correct!
636,24143.7,24148.1,Flat,Down,Wrong!
637,24148.1,24144.4,Flat,Flat,Correct!
638,24144.4,24134.3,Flat,Up,Wrong!
639,24134.3,24146.5,Flat,Up,Wrong!
640,24146.5,24145.75,Flat,Flat,Correct!
641,24145.75,24139.55,Flat,Down,Wrong!
642,24139.55,24138.35,Flat,Down,Wrong!
643,24138.35,24149.4,Flat,Up,Wrong!
644,24149.4,24151.8,Flat,Down,Wrong!
645,24151.8,24150.45,Flat,Down,Wrong!
646,24150.45,24140.55,Flat,Down,Wrong!
647,24140.55,24139.2,Flat,Flat,Correct!
648,24139.2,24146.6,Flat,Up,Wrong!
649,24146.6,24144.2,Flat,Flat,Correct!
650,24144.2,24141.5,Flat,Down,Wrong!
651,24141.5,24134.95,Flat,Down,Wrong!
652,24134.95,24134.95,Flat,Down,Wrong!
653,24134.95,24145.2,Flat,Flat,Correct!
654,24145.2,24145.45,Flat,Down,Wrong!
655,24145.45,24141.4,Flat,Up,Wrong!
656,24141.4,24126.25,Flat,Up,Wrong!
657,24126.25,24118.4,Flat,Down,Wrong!
658,24118.4,24117.35,Flat,Up,Wrong!
659,24117.35,24114.3,Flat,Down,Wrong!
660,24114.3,24127.25,Flat,Flat,Correct!
661,24127.25,24131.8,Flat,Down,Wrong!
662,24131.8,24126.45,Flat,Down,Wrong!
663,24126.45,24144.5,Flat,Down,Wrong!
664,24144.5,24133.7,Flat,Up,Wrong!
665,24133.7,24134.65,Flat,Down,Wrong!
666,24134.65,24129.45,Flat,Flat,Correct!
667,24129.45,24128.05,Flat,Down,Wrong!
668,24128.05,24121.95,Flat,Flat,Correct!
669,24121.95,24123.9,Flat,Down,Wrong!
670,24123.9,24121.2,Flat,Up,Wrong!
